"Vintage","Wine","Producer name","Country","Region","Unit","Cases","Price","Status","Availability"
"1996","Abadia Retuerta, Pago Negralada","Abadia Retuerta","Spain","Castilla y Leon","75cl","3","£ 550","IB","In stock"
"2021","Alvaro Palacios, Finca Dofi, Priorat DOC","Alvaro Palacios","Spain","Catalonia","3x75cl","3","£ 147","IB","On Order"
"2022","Alvaro Palacios, Quinon Valmira, Rioja","Alvaro Palacios","Spain","Rioja","3x75cl","1","£ 760","IB","On Order"
"2020","Andre Brunel, Chateauneuf-du-Pape, Les Cailloux Blanc","Andre Brunel","France","Rhone","6x75cl","1","£ 210","IB","In stock"
"1989","Andre Brunel, Chateauneuf-du-Pape, Les Cailloux Cuvee Centenaire","Andre Brunel","France","Rhone","75cl","2","£ 225","IB","In stock"
"1990","Andre Brunel, Chateauneuf-du-Pape, Les Cailloux Cuvee Centenaire","Andre Brunel","France","Rhone","75cl","1","£ 375","IB","In stock"
"NV","Armand de Brignac, Ace of Spades Brut Rose","Armand de Brignac","France","Champagne","300cl","1","£ 2,000","IB","In stock"
"2001","Avignonesi, Vin Santo di Montepulciano","Avignonesi","Italy","Tuscany","2x37.5cl","2","£ 275","IB","In stock"
"NV","Azienda Agricola Frank Cornelissen, Munjebel P1 Perpetuum","Azienda Agricola Frank Cornelissen","Italy","Sicily","75cl","2","£ 60","IB","In stock"
"2010","Benjamin Romeo, Contador, Rioja","Benjamin Romeo","Spain","Rioja","6x75cl","1","£ 1,250","IB","In stock"
"2020","Benoit Ente, Puligny-Montrachet","Benoit Ente","France","Burgundy","6x75cl","1","£ 1,195","IB","In stock"
"2020","Benoit Ente, Puligny-Montrachet Premier Cru, Les Folatieres Richarde Blanc","Benoit Ente","France","Burgundy","6x75cl","1","£ 2,375","IB","In stock"
"NV","Billecart-Salmon, Cuvee 200","Billecart-Salmon","France","Champagne","150cl","3","£ 940","IB","In stock"
"2002","Bollinger, La Grande Annee James Bond 007","Bollinger","France","Champagne","3x75cl","1","£ 600","IB","In stock"
"2012","Bollinger, La Grande Annee Rose","Bollinger","France","Champagne","6x75cl","3","£ 700","IB","In stock"
"2006","Bollinger, Vieilles Vignes Francaises","Bollinger","France","Champagne","75cl","2","£ 990","IB","In stock"
"1968","Bowmore (Signatory), Singe Malt Millennium Edition Single Cask 3820 31YO Bottled 1999, Islay","Bowmore (Signatory)","Scotland","Islay","75cl","1","£ 1,850","DP","In stock"
"NV","Bowmore, Single Malt Sea Dragon Cearmic 30YO, Islay","Bowmore","Scotland","Islay","75cl","1","£ 2,900","IB","On Order"
"NV","Bruichladdich Bruichladdich Old Stillman's Dram 25YO","Bruichladdich","United Kingdom","","70cl","1","POA","DP","In stock"
"NV","Bruichladdich Bruichladdich Old Stillman's Dram 26YO","Bruichladdich","United Kingdom","","70cl","1","POA","DP","In stock"
"2016","Bruyere Renaud & Houillon Adeline, Chardonnay Les Nouvelles, Arbois Pupillin","Bruyere Renaud & Houillon Adeline","France","Jura","75cl","1","£ 275","IB","In stock"
"2008","Camille Saves, Cuvee Anais Jolicoeur","Camille Saves","France","Champagne","6x75cl","1","£ 595","IB","In stock"
"2018","Cappellano, Barolo, Pie Franco","Cappellano","Italy","Piedmont","150cl","1","£ 1,600","IB","On Order"
"2018","Cappellano, Barolo, Pie Rupestris","Cappellano","Italy","Piedmont","75cl","1","£ 175","IB","On Order"
"2013","Carter, Beckstoffer Los Piedras Cabernet Sauvignon, Napa Valley","Carter","USA","California","75cl","3","£ 250","DP","In stock"
"2014","Casanova di Neri, Brunello di Montalcino","Casanova di Neri","Italy","Tuscany","150cl","2","£ 80","IB","In stock"
"2006","Casanova di Neri, Brunello di Montalcino, Tenuta Nuova","Casanova di Neri","Italy","Tuscany","300cl","1","£ 460","IB","In stock"
"2015","Castelgiocondo (Frescobaldi), Brunello di Montalcino","Castelgiocondo (Frescobaldi)","Italy","Tuscany","6x75cl","1","£ 190","IB","In stock"
"1968","Cazes, Vin Doux Naturel","Cazes","France","Languedoc Roussillon","75cl","1","£ 175","IB","In stock"
"1970","Cazes, Vin Doux Naturel","Cazes","France","Languedoc Roussillon","75cl","1","£ 175","IB","In stock"
"2010","Cerbaiona, Brunello di Montalcino","Cerbaiona","Italy","Tuscany","3x150cl","1","£ 2,500","IB","In stock"
"2020","Ceritas, Charles Heintz Chardonnay, Sonoma Coast","Ceritas","USA","California","75cl","4","£ 50","IB","In stock"
"2020","Ceritas, Cuvee Annabelle Pinot Noir, Sonoma Coast","Ceritas","USA","California","75cl","8","£ 65","IB","In stock"
"2020","Ceritas, Cuvee Annabelle Pinot Noir, Sonoma Coast","Ceritas","USA","California","150cl","1","£ 160","IB","In stock"
"2020","Ceritas, Elliott Vineyard Pinot Noir, Sonoma Coast","Ceritas","USA","California","75cl","6","£ 60","IB","In stock"
"2019","Ceritas, Hellenthal Vineyard Old Shop Block Pinot Noir, Sonoma Coast","Ceritas","USA","California","75cl","3","£ 60","IB","In stock"
"2020","Ceritas, Occidental Vineyard Pinot Noir, Sonoma Coast","Ceritas","USA","California","75cl","9","£ 75","IB","In stock"
"2017","Ceritas, Peter Martin Ray Vineyard Cabernet Sauvignon, Santa Cruz Mountains","Ceritas","USA","California","6x75cl","1","£ 500","IB","In stock"
"2020","Ceritas, Peter Martin Ray Vineyard Chardonnay, Santa Cruz Mountains","Ceritas","USA","California","75cl","6","£ 50","IB","In stock"
"2018","Ceritas, Porter-Bass Vineyard Chardonnay, Sonoma Coast","Ceritas","USA","California","75cl","3","£ 50","IB","In stock"
"2019","Ceritas, Porter-Bass Vineyard Pinot Noir, Sonoma Coast","Ceritas","USA","California","75cl","3","£ 60","IB","In stock"
"2021","Ceritas, Rose Of Pinot Noir, Sonoma Coast","Ceritas","USA","California","75cl","12","£ 45","IB","On Order"
"2021","Ceritas, Rose Of Pinot Noir, Sonoma Coast","Ceritas","USA","California","150cl","2","£ 120","IB","On Order"
"2020","Ceritas, Trout Gulch Vineyard Chardonnay, Santa Cruz Mountains","Ceritas","USA","California","75cl","7","£ 55","IB","In stock"
"2020","Ceritas, Trout Gulch Vineyard Pinot Noir, Santa Cruz Mountains","Ceritas","USA","California","75cl","7","£ 60","IB","In stock"
"2020","Ceritas, Trout Gulch Vineyard Pinot Noir, Santa Cruz Mountains","Ceritas","USA","California","150cl","1","£ 150","IB","In stock"
"2020","Ceritas, Zephyr Chardonnay, Sonoma County","Ceritas","USA","California","75cl","9","£ 50","IB","In stock"
"2005","Charles Heidsieck, Brut Millesime","Charles Heidsieck","France","Champagne","75cl","1","POA","DP","On Order"
"2010","Chateau Ausone Premier Grand Cru Classe A, Saint-Emilion Grand Cru","Chateau Ausone","France","Bordeaux","600cl","1","£ 11,500","IB","In stock"
"2016","Chateau Beaumont, Mourvedre, Walker Bay","Chateau Beaumont","South Africa","Cape South Coast","6x75cl","2","£ 105","IB","In stock"
"2019","Chateau Belgrave 5eme Cru Classe, Haut-Medoc","Chateau Belgrave","France","Bordeaux","6x75cl","1","£ 195","IB","In stock"
"2010","Chateau Cheval Blanc Premier Grand Cru Classe A, Saint-Emilion Grand Cru","Chateau Cheval Blanc","France","Bordeaux","600cl","1","£ 12,750","IB","In stock"
"1999","Chateau d'Yquem Premier Cru Superieur, Sauternes","Chateau d'Yquem","France","Bordeaux","12x37.5cl","1","£ 1,400","IB","In stock"
"1998","Chateau de Beaucastel Hommage a Jacques Perrin, Chateauneuf-du-Pape","Famille Perrin","France","Rhone","75cl","1","£ 500","IB","In stock"
"2015","Chateau de Saint Cosme, Gigondas","Chateau de Saint Cosme","France","Rhone","6x75cl","1","£ 180","IB","In stock"
"2021","Chateau Haut-Brion Premier Cru Classe, Pessac-Leognan","Chateau Haut-Brion","France","Bordeaux","6x75cl","2","£ 2,550","IB","On Order"
"2008","Chateau La Gomerie, Saint-Emilion","Chateau La Gomerie","France","Bordeaux","12x75cl","2","£ 690","IB","In stock"
"1989","Chateau La Mission Haut-Brion Cru Classe, Pessac-Leognan","Chateau La Mission Haut-Brion","France","Bordeaux","300cl","1","£ 13,500","IB","In stock"
"2010","Chateau Lafite Rothschild Premier Cru Classe, Pauillac","Chateau Lafite Rothschild","France","Bordeaux","600cl","1","£ 9,200","IB","In stock"
"2020","Chateau Lanessan, Haut-Medoc","Chateau Lanessan","France","Bordeaux","12x75cl","1","£ 115","IB","On Order"
"2020","Chateau Langoa Barton 3eme Cru Classe, Saint-Julien","Chateau Langoa Barton","France","Bordeaux","6x75cl","13","£ 175","IB","In stock"
"2016","Chateau Laroque Grand Cru Classe, Saint-Emilion Grand Cru","Chateau Laroque","France","Bordeaux","6x75cl","1","£ 165","IB","On Order"
"2010","Chateau Latour Premier Cru Classe, Pauillac","Chateau Latour","France","Bordeaux","600cl","1","£ 15,500","IB","In stock"
"2000","Chateau Leoville Barton 2eme Cru Classe, Saint-Julien","Chateau Leoville Barton","France","Bordeaux","12x75cl","2","£ 1,250","IB","In stock"
"2008","Chateau Leoville Barton 2eme Cru Classe, Saint-Julien","Chateau Leoville Barton","France","Bordeaux","6x150cl","1","£ 660","IB","In stock"
"2020","Chateau Les Gravieres, Saint-Emilion","Chateau Les Gravieres","France","Bordeaux","6x75cl","1","£ 75","IB","In stock"
"2021","Chateau Pichon Longueville Comtesse de Lalande 2eme Cru Classe, Pauillac","Chateau Pichon Longueville Comtesse de Lalande","France","Bordeaux","6x75cl","1","£ 765","IB","On Order"
"2020","Chateau Quintus, Saint-Emilion Grand Cru","Chateau Quintus","France","Bordeaux","6x75cl","2","£ 450","IB","In stock"
"2007","Chateau Rayas, Chateauneuf-du-Pape","Chateau Rayas","France","Rhone","75cl","1","£ 975","IB","In stock"
"2000","Chateau Smith Haut Lafitte Cru Classe, Pessac-Leognan","Chateau Smith Haut Lafitte","France","Bordeaux","12x75cl","1","£ 1,650","IB","In stock"
"2008","Clos de Tart, Clos de Tart Grand Cru","Clos De Tart","France","Burgundy","6x75cl","1","£ 2,700","IB","In stock"
"2019","Clos Haut Peyraguey, Symphonie","Clos Haut Peyraguey","France","Bordeaux","37.5cl","1","£ 20","DP","In stock"
"1984","Clos Rougeard, Saumur-Champigny","Clos Rougeard","France","Loire","75cl","3","£ 500","IB","In stock"
"2014","Continuum, Continuum, Napa Valley","Continuum","USA","California","6x75cl","1","£ 1,050","IB","In stock"
"1971","Cordero Montezemolo, Barolo, Monfalletto","Cordero Montezemolo","Italy","Piedmont","75cl","4","£ 80","IB","In stock"
"2004","Dom Perignon, Jeff Koons","Dom Perignon","France","Champagne","6x75cl","1","£ 1,380","IB","In stock"
"2002","Dom Perignon, Rose","Dom Perignon","France","Champagne","3x150cl","1","£ 2,985","IB","In stock"
"2000","Domaine Armand Rousseau, Chambertin Grand Cru","Domaine Armand Rousseau","France","Burgundy","75cl","1","£ 2,800","IB","In stock"
"1985","Domaine Armand Rousseau, Clos de la Roche Grand Cru","Domaine Armand Rousseau","France","Burgundy","75cl","1","£ 1,350","DP","In stock"
"1994","Domaine Armand Rousseau, Gevrey-Chambertin","Domaine Armand Rousseau","France","Burgundy","75cl","1","£ 650","IB","In stock"
"2019","Domaine Armand Rousseau, Gevrey-Chambertin Premier Cru, Clos Saint-Jacques","Domaine Armand Rousseau","France","Burgundy","75cl","1","£ 1,300","IB","In stock"
"2021","Domaine Boigey Freres, Nuits-Saint-Georges Premier Cru, Les Boudots","Boigey Freres","France","Burgundy","6x75cl","1","£ 1,710","IB","In stock"
"2021","Domaine Boigey Freres, Nuits-Saint-Georges Premier Cru, Les Boudots","Boigey Freres","France","Burgundy","150cl","2","£ 585","IB","In stock"
"2021","Domaine Boigey Freres, Nuits-Saint-Georges Premier Cru, Les Damodes","Boigey Freres","France","Burgundy","6x75cl","2","£ 1,650","IB","In stock"
"2021","Domaine Boigey Freres, Nuits-Saint-Georges Premier Cru, Les Damodes","Boigey Freres","France","Burgundy","150cl","2","£ 560","IB","In stock"
"2019","Domaine Cecile Tremblay, Chambolle-Musigny Premier Cru, La Cabottes","Domaine Cecile Tremblay","France","Burgundy","75cl","1","£ 400","IB","In stock"
"1979","Domaine Clair Dau, Bonnes Mares Grand Cru","Domaine Clair Dau","France","Burgundy","75cl","1","£ 1,600","IB","In stock"
"2013","Domaine Comte Georges de Vogue, Bonnes Mares Grand Cru","Domaine Comte Georges de Vogue","France","Burgundy","3x75cl","1","£ 1,500","IB","In stock"
"2016","Domaine Comte Georges de Vogue, Chambolle-Musigny Premier Cru, Les Amoureuses","Domaine Comte Georges de Vogue","France","Burgundy","75cl","1","£ 800","IB","In stock"
"2019","Domaine Coquard Loison Fleurot, Clos de la Roche Grand Cru","Domaine Coquard Loison Fleurot","France","Burgundy","6x75cl","1","£ 1,320","IB","In stock"
"2007","Domaine d'Auvenay, Auxey-Duresses, Les Clous Blanc","Domaine d'Auvenay","France","Burgundy","3x75cl","1","£ 15,750","IB","In stock"
"2011","Domaine d'Auvenay, Auxey-Duresses, Les Clous Blanc","Domaine d'Auvenay","France","Burgundy","6x75cl","1","£ 37,500","IB","In stock"
"2014","Domaine d'Auvenay, Bourgogne Aligote, Sous Chatelet","Domaine d'Auvenay","France","Burgundy","3x75cl","1","£ 10,950","IB","In stock"
"2014","Domaine d'Auvenay, Bourgogne Aligote, Sous Chatelet","Domaine d'Auvenay","France","Burgundy","6x75cl","1","£ 21,900","IB","In stock"
"2011","Domaine d'Auvenay, Puligny-Montrachet Premier Cru, Les Folatieres","Domaine d'Auvenay","France","Burgundy","3x75cl","1","£ 21,000","IB","In stock"
"2013","Domaine d'Auvenay, Puligny-Montrachet, Les Enseigneres","Domaine d'Auvenay","France","Burgundy","3x75cl","1","£ 26,925","IB","In stock"
"2007","Domaine de la Romanee-Conti, Echezeaux Grand Cru","Domaine de la Romanee-Conti","France","Burgundy","6x75cl","1","£ 18,000","IB","In stock"
"2006","Domaine de la Romanee-Conti, La Tache Grand Cru","Domaine de la Romanee-Conti","France","Burgundy","6x75cl","1","£ 33,500","IB","In stock"
"2008","Domaine de la Romanee-Conti, Richebourg Grand Cru","Domaine de la Romanee-Conti","France","Burgundy","3x75cl","1","£ 14,500","IB","In stock"
"2005","Domaine de la Romanee-Conti, Romanee-Saint-Vivant Grand Cru, Marey-Monge","Domaine de la Romanee-Conti","France","Burgundy","75cl","1","£ 3,450","IB","In stock"
"2011","Domaine de la Romanee-Conti, Romanee-Saint-Vivant Grand Cru, Marey-Monge","Domaine de la Romanee-Conti","France","Burgundy","3x75cl","1","£ 9,000","IB","In stock"
"2006","Domaine de la Romanee-Conti, Romanee-Saint-Vivant Grand Cru, Marey-Monge","Domaine de la Romanee-Conti","France","Burgundy","3x75cl","1","£ 10,500","IB","In stock"
"2019","Domaine de la Romanee-Conti, Romanee-Saint-Vivant Grand Cru, Marey-Monge","Domaine de la Romanee-Conti","France","Burgundy","75cl","3","£ 3,750","IB","In stock"
"2012","Domaine des Comtes Lafon, Meursault Premier Cru, Perrieres Blanc","Domaine des Comtes Lafon","France","Burgundy","75cl","1","£ 670","IB","On Order"
"2012","Domaine des Comtes Lafon, Meursault Premier Cru, Perrieres Blanc","Domaine des Comtes Lafon","France","Burgundy","150cl","1","£ 1,495","IB","In stock"
"2020","Domaine du Clos des Fees, Cotes du Roussillon 100 phrases pour eventail","Domaine Du Clos Des Fees","France","Cotes Catalanes","75cl","4","£ 995","IB","In stock"
"2010","Domaine Faiveley, Chambertin-Clos de Beze Grand Cru, Les Ouvrees Rodin","Domaine Faiveley","France","Burgundy","75cl","1","£ 1,000","IB","In stock"
"2018","Domaine Faiveley, Chambertin-Clos de Beze Grand Cru, Les Ouvrees Rodin","Domaine Faiveley","France","Burgundy","75cl","2","£ 560","IB","In stock"
"2013","Domaine Faiveley, Musigny Grand Cru","Domaine Faiveley","France","Burgundy","75cl","1","£ 2,250","IB","In stock"
"2017","Domaine Francois Lamarche, Vosne-Romanee Premier Cru, Les Suchots","Domaine Francois Lamarche","France","Burgundy","6x75cl","1","£ 660","IB","In stock"
"2019","Domaine Georges Roumier, Bonnes Mares Grand Cru","Domaine Georges Roumier","France","Burgundy","75cl","1","£ 1,700","IB","In stock"
"2009","Domaine Gros Frere et Soeur, Grands Echezeaux Grand Cru","Domaine Gros Frere et Soeur","France","Burgundy","6x75cl","1","£ 2,550","IB","In stock"
"2009","Domaine Gros Frere et Soeur, Richebourg Grand Cru","Domaine Gros Frere et Soeur","France","Burgundy","6x75cl","1","£ 4,850","IB","In stock"
"2020","Domaine Henri Germain, Meursault Premier Cru, Charmes","Domaine Henri Germain","France","Burgundy","6x75cl","1","£ 1,200","IB","On Order"
"2007","Domaine Isabel Ferrando, Chateauneuf-du-Pape, Colombis","Domaine Isabel Ferrando","France","Rhone","12x75cl","1","£ 1,750","IB","In stock"
"2017","Domaine Jacques Prieur, Clos de Vougeot Grand Cru","Domaine Jacques Prieur","France","Burgundy","6x75cl","1","£ 690","IB","In stock"
"2021","Domaine Le Guellec-Ducouet, Gevrey Chambertin, Clos Champs","Domaine Le Guellec-Ducouet","France","Burgundy","6x75cl","1","£ 330","IB","On Order"
"2022","Domaine Le Guellec-Ducouet, Gevrey-Chambertin","Domaine Le Guellec-Ducouet","France","Burgundy","6x75cl","3","£ 360","IB","On Order"
"2020","Domaine Louis Jadot, Chevalier-Montrachet Grand Cru, Les Demoiselles","Domaine Louis Jadot","France","Burgundy","6x75cl","1","£ 2,490","IB","In stock"
"2005","Domaine Louis Jadot, Gevrey-Chambertin Premier Cru, Clos Saint-Jacques","Domaine Louis Jadot","France","Burgundy","75cl","1","POA","DP","In stock"
"2005","Domaine Michel Lafarge, Volnay Premier Cru, Clos des Ducs","Domaine Michel Lafarge","France","Burgundy","75cl","1","POA","DP","In stock"
"2017","Domaine Nicolas Faure, Aligote La Corvee de Bully","Domaine Nicolas Faure","France","Burgundy","75cl","1","£ 450","IB","In stock"
"2018","Domaine Nicolas Faure, Nuits-Saint-Georges, Aux Herbues","Domaine Nicolas Faure","France","Burgundy","75cl","1","£ 850","IB","In stock"
"2007","Domaine Pierre Usseglio, Chateauneuf-du-Pape, de Mon Aieul","Domaine Pierre Usseglio","France","Rhone","12x75cl","1","£ 1,500","IB","In stock"
"2009","Domaine Ponsot, Clos de Vougeot Grand Cru, Cuvee Vieilles Vignes","Domaine Ponsot","France","Burgundy","3x150cl","1","£ 1,800","IB","In stock"
"2010","Domaine Ponsot, Clos Saint-Denis Grand Cru, Cuvee Tres Vieilles Vignes","Domaine Ponsot","France","Burgundy","75cl","1","£ 850","IB","In stock"
"2005","Domaine Tawse, Mazis-Chambertin Grand Cru","Domaine Tawse","France","Burgundy","12x75cl","1","£ 3,150","IB","In stock"
"2020","Domaine Y. Clerget, Pommard Premier Cru, Les Rugiens","Domaine Y. Clerget","France","Burgundy","6x75cl","1","£ 750","IB","In stock"
"2020","Domaine Y. Clerget, Volnay","Domaine Y. Clerget","France","Burgundy","6x75cl","1","£ 300","IB","In stock"
"2005","Domaine Zind Humbrecht, Heimbourg Gewurztraminer","Zind Humbrecht","France","Alsace","12x37.5cl","1","£ 285","IB","In stock"
"2004","Dominio de Pingus, Pingus, Ribera del Duero DO","Dominio de Pingus","Spain","Castilla y Leon","6x75cl","2","£ 8,900","IB","In stock"
"2012","Donelan, Walker Vine Hill Syrah, Russian River Valley","Donelan","USA","California","75cl","4","£ 45","IB","In stock"
"2012","Donelan, Walker Vine Hill Syrah, Russian River Valley","Donelan","USA","California","12x75cl","1","£ 540","IB","In stock"
"2010","Donnhoff, Niederhauser Hermannshohle Riesling Spatlese, Nahe","Donnhoff","Germany","Nahe","6x75cl","2","£ 150","IB","In stock"
"2015","Doyard, Blanc de Blancs Extra Brut Grand Cru","Doyard","France","Champagne","75cl","3","£ 75","IB","In stock"
"2015","Doyard, Blanc de Blancs Extra Brut Grand Cru","Doyard","France","Champagne","6x75cl","5","£ 450","IB","In stock"
"2017","Doyard, Clos de l'Abbaye Extra Brut Premier Cru","Doyard","France","Champagne","3x150cl","1","£ 525","IB","In stock"
"2017","Doyard, Coteaux Champenois Blancs En Vieux Fombres 1er Cru","Doyard","France","Champagne","6x75cl","2","£ 390","IB","In stock"
"NV","Doyard, Cuvee Vendemiaire Blanc de Blancs Brut 1er Cru (Base 2015)","Doyard","France","Champagne","3x150cl","2","£ 230","IB","In stock"
"2015","Doyard, Cuvee Vendemiaire Blanc de Blancs Brut 1er Cru (Base 2015)","Doyard","France","Champagne","6x75cl","1","£ 262","IB","In stock"
"NV","Doyard, Cuvee Vendemiaire Blanc de Blancs Brut 1er Cru (Base 2016)","Doyard","France","Champagne","75cl","1","£ 37","IB","In stock"
"NV","Doyard, Cuvee Vendemiaire Blanc de Blancs Brut 1er Cru (Base 2016)","Doyard","France","Champagne","6x75cl","3","£ 220","IB","In stock"
"NV","Doyard, Cuvee Vendemiaire Blanc de Blancs Brut 1er Cru (Base 2017)","Doyard, Cuvee Vendemiaire Blanc De Blancs Brut 1er","France","Champagne","75cl","3","£ 37","IB","In stock"
"NV","Doyard, Cuvee Vendemiaire Blanc de Blancs Brut 1er Cru (Base 2017)","Doyard, Cuvee Vendemiaire Blanc De Blancs Brut 1er","France","Champagne","6x75cl","2","£ 220","IB","In stock"
"NV","Doyard, La Libertine","Doyard","France","Champagne","75cl","5","£ 160","IB","In stock"
"NV","Doyard, La Libertine","Doyard","France","Champagne","6x75cl","1","£ 960","IB","In stock"
"2018","Doyard, Oeil de Perdrix Rose Grand Cru","Doyard","France","Champagne","75cl","2","£ 75","DP","In stock"
"2018","Doyard, Oeil de Perdrix Rose Grand Cru","Doyard","France","Champagne","6x75cl","3","£ 450","IB","In stock"
"NV","Doyard, Revolution Blanc de Blancs  Non-Dose Grand Cru (Base 2016)","Doyard, Revolution Blanc De Blancs  Non-Dose Grand","France","Champagne","6x75cl","4","£ 270","IB","In stock"
"NV","Doyard, Revolution Blanc de Blancs Non Dose Grand Cru (Base 2014)","Doyard","France","Champagne","3x150cl","3","£ 310","IB","In stock"
"NV","Doyard, Revolution Blanc de Blancs Non Dose Grand Cru (Base 2015)","Doyard","France","Champagne","6x75cl","6","£ 295","IB","In stock"
"2005","E. Guigal, Cote Rotie, Assortment","E. Guigal","France","Rhone","75cl","3","£ 500","IB","In stock"
"2010","E. Guigal, Hermitage, Ex Voto Blanc","E. Guigal","France","Rhone","12x75cl","1","£ 3,450","IB","In stock"
"2010","E. Guigal, Hermitage, Ex Voto Rouge","E. Guigal","France","Rhone","6x75cl","1","£ 1,350","IB","In stock"
"2020","Egon Muller, Scharzhofberger Riesling Auslese Goldkapsel Auction, Mosel","Egon Muller","Germany","Mosel","75cl","2","£ 2,200","IB","In stock"
"2020","Egon Muller, Scharzhofberger Riesling Kabinett Alte Reben Auction, Mosel","Egon Muller","Germany","Mosel","6x75cl","2","£ 2,040","IB","In stock"
"2020","Egon Muller, Wiltinger Braune Kupp Riesling Spatlese Auktion, Mosel","Egon Muller","Germany","Mosel","6x75cl","2","£ 806","IB","In stock"
"NV","Exton Park RB23 Reserve Blend Rose NV","Exton Park","United Kingdom","England","75cl","2","POA","DP","In stock"
"NV","Exton Park RB23 Reserve Blend Rose NV","Exton Park","United Kingdom","England","75cl","1","£ 30","IB","In stock"
"NV","Exton Park RB23 Reserve Blend Rose NV","Exton Park","United Kingdom","England","6x75cl","3","POA","DP","In stock"
"NV","Exton Park RB28 Reserve Blend Blanc de Noirs","Exton park","United Kingdom","England","75cl","1","£ 35","IB","In stock"
"NV","Exton Park RB28 Reserve Blend Blanc de Noirs","Exton park","United Kingdom","England","6x75cl","1","£ 210","IB","In stock"
"NV","Exton Park RB32 Reserve Blend Brut","Exton park","United Kingdom","England","75cl","4","£ 30","IB","In stock"
"NV","Exton Park RB32 Reserve Blend Brut","Exton park","United Kingdom","England","6x75cl","1","£ 180","IB","In stock"
"2019","Famille Paquet, Nos 5 Terroirs","Famille Paquet","France","Burgundy","75cl","13","£ 17","DP","In stock"
"2020","Famille Paquet, Nos 5 Terroirs","Famille Paquet","France","Burgundy","75cl","12","£ 15","DP","In stock"
"2012","Fattoria Le Pupille, Maremma Toscana, Saffredi","Fattoria Le Pupille","Italy","Tuscany","150cl","6","£ 120","IB","In stock"
"2022","Felton Road, MacMuir Pinot Noir, Central Otago","Felton Road","New Zealand","South Island","6x75cl","11","£ 300","IB","In stock"
"2022","Felton Road, Pinot Noir Calvert, Central Otago","Felton Road","New Zealand","South Island","6x75cl","14","£ 260","IB","In stock"
"2015","Frescobaldi, Chianti, Rufina Montesodi Castello Nipozzano Riserv","Frescobaldi","Italy","Tuscany","75cl","2","£ 20","IB","In stock"
"2015","Frescobaldi, Chianti, Rufina Montesodi Castello Nipozzano Riserv","Frescobaldi","Italy","Tuscany","6x75cl","1","£ 120","DP","In stock"
"2015","Frescobaldi, Chianti, Rufina Montesodi Castello Nipozzano Riserv","Frescobaldi","Italy","Tuscany","6x75cl","4","£ 120","IB","In stock"
"2015","Frescobaldi, Lamaione, IGT","Frescobaldi","Italy","Tuscany","150cl","8","£ 80","IB","In stock"
"2015","Frescobaldi, Lamaione, IGT","Frescobaldi","Italy","Tuscany","6x75cl","5","£ 240","IB","In stock"
"2016","Frescobaldi, Nipozzano Mormoreto, IGT","Frescobaldi","Italy","Tuscany","75cl","5","POA","DP","In stock"
"2016","Frescobaldi, Nipozzano Mormoreto, IGT","Frescobaldi","Italy","Tuscany","6x75cl","1","POA","DP","In stock"
"2016","Gaja, Gaia & Rey, Langhe DOC","Gaja","Italy","Piedmont","6x75cl","1","£ 1,700","IB","In stock"
"2022","Gaspard Brochet Ane PN+CH Tome IV","Gaspard Brochet","France","Champagne","75cl","4","£ 215","IB","On Order"
"NV","Gaspard Brochet, Lion Pinot Noir Tome IV. Blanc de Noirs Extra Brut, Champagne","Gaspard Brochet","France","Champagne","75cl","1","£ 215","IB","On Order"
"2020","Georg Breuer, Lorcher Pfaffenwies Riesling, Rheingau","Georg Breuer","Germany","Rheingau","6x75cl","1","£ 240","IB","In stock"
"2020","Georg Breuer, Rauenthaler Nonnenberg Riesling, Rheingau","Georg Breuer","Germany","Rheingau","6x75cl","1","£ 345","IB","In stock"
"2015","Ghislaine Barthod, Chambolle-Musigny Premier Cru, Les Chatelots","Ghislaine Barthod","France","Burgundy","6x75cl","1","£ 1,400","IB","In stock"
"2007","Giacomo Conterno, Barbera d'Alba, Francia","Giacomo Conterno","Italy","Piedmont","12x75cl","2","£ 850","IB","In stock"
"2004","Giacomo Conterno, Barolo, Monfortino Riserva","Giacomo Conterno","Italy","Piedmont","75cl","1","£ 1,050","IB","In stock"
"2007","Giuseppe Mascarello e Figlio, Barolo, Santo Stefano","Giuseppe Mascarello E Figlio","Italy","Piedmont","6x75cl","1","£ 1,750","IB","In stock"
"1986","Glenfarclas Family Cask W18 4335","Glenfarclas","Scotland","","70cl","1","£ 695","IB","In stock"
"NV","Guillaume Sergent, Blanc de Blancs Pres Dieu Extra Brut Premier Cru","Guillaume Sergent","France","Champagne","75cl","4","POA","DP","In stock"
"2007","Henri Bonneau, Chateauneuf-du-Pape, Reserve Celestins","Henri Bonneau","France","Rhone","75cl","1","£ 395","DP","In stock"
"2016","Henriot, L'Inattendue Chardonnay Grand Cru, Champagne","Henriot","France","Champagne","6x75cl","1","£ 435","IB","In stock"
"NV","IWA 5 Assemblage #3","IWA","Japan","Toyama","6x72cl","1","£ 690","IB","In stock"
"2009","Jacques Puffeney, Vin de Paille, Arbois","Jacques Puffeney ","France","Jura","62cl","3","£ 200","IB","In stock"
"2011","Jacques Puffeney, Vin de Paille, Arbois","Jacques Puffeney ","France","Jura","62cl","2","£ 140","IB","In stock"
"2020","Jacques-Frederic Mugnier, Chambolle-Musigny Premier Cru, Les Amoureuses","Jacques-Frederic Mugnier","France","Burgundy","75cl","1","POA","IB","On Order"
"NV","Jerome Prevost, Closerie Fac Simile Rose disg. 2014","Jerome Prevost, Closerie Fac Simile Rose Disg. 201","France","Champagne","75cl","2","£ 620","IB","In stock"
"NV","Jerome Prevost, La Closerie disg. 2021","Jerome Prevost, La Closerie Disg. 2021","France","Champagne","75cl","2","£ 475","IB","In stock"
"NV","Jerome Prevost, La Closerie Les Beguines disg. 2021","Jerome Prevost, La Closerie Les Beguines Disg. 202","France","Champagne","75cl","2","£ 230","IB","In stock"
"2020","Jessica Litaud Pouilly-Fuisse Premier Cru Les Crays","Jessica Litaud","France","Burgundy","75cl","1","£ 117","IB","In stock"
"2020","Jessica Litaud Pouilly-Fuisse Premier Cru Les Crays","Jessica Litaud","France","Burgundy","6x75cl","1","£ 700","IB","In stock"
"2020","Jessica Litaud Pouilly-Fuisse Premier Cru Sur La Roche","Jessica Litaud","France","Burgundy","6x75cl","1","£ 675","IB","In stock"
"2017","Jonata, Alma, Santa Ynez Valley","Jonata","USA","California","75cl","3","£ 135","IB","In stock"
"2018","Jonata, El Alma de Jonata Cabernet Franc, Ballard Canyon","Jonata","USA","California","150cl","1","£ 395","IB","In stock"
"2018","Jonata, El Desafio de Jonata Cabernet Sauvignon, Ballard Canyon","Jonata","USA","California","150cl","1","£ 395","IB","In stock"
"2019","Jonata, El Desafio de Jonata Cabernet Sauvignon, Ballard Canyon","Jonata","USA","California","75cl","5","£ 175","IB","In stock"
"2017","Jonata, El Desafio de Jonata, Santa Ynez Valley","Jonata","USA","California","75cl","3","£ 135","IB","In stock"
"2017","Jonata, El Desafio de Jonata, Santa Ynez Valley","Jonata","USA","California","150cl","1","£ 275","IB","In stock"
"2018","Jonata, El Desafio de Jonata, Santa Ynez Valley","Jonata","USA","California","6x75cl","1","£ 810","IB","In stock"
"2017","Jonata, Fenix, Ballard Canyon","Jonata","USA","California","75cl","6","£ 95","IB","In stock"
"2020","Jonata, Flor Sauvignon Blanc, Ballard Canyon","Jonata","USA","California","75cl","2","£ 75","IB","In stock"
"2018","Jonata, Fuerza Petit Verdot, Santa Ynez Valley","Jonata","USA","California","75cl","3","£ 75","IB","In stock"
"2018","Jonata, La Flor de Jonata, Santa Ynez Valley","Jonata","USA","California","75cl","2","£ 60","IB","In stock"
"2019","Jonata, La Flor de Jonata, Santa Ynez Valley","Jonata","USA","California","75cl","3","£ 65","IB","In stock"
"2018","Jonata, La Sangre de Jonata Syrah, Ballard Canyon","Jonata","USA","California","150cl","1","£ 395","IB","In stock"
"2019","Jonata, La Sangre de Jonata Syrah, Ballard Canyon","Jonata","USA","California","75cl","4","£ 175","IB","In stock"
"2017","Jonata, Sangre, Santa Ynez Valley","Jonata","USA","California","75cl","6","£ 135","IB","In stock"
"2018","Jonata, Sangre, Santa Ynez Valley","Jonata","USA","California","6x75cl","1","£ 840","IB","In stock"
"2017","Jonata, Tierra, Santa Ynez Valley","Jonata","USA","California","75cl","2","£ 95","IB","In stock"
"2018","Jonata, Tierra, Santa Ynez Valley","Jonata","USA","California","75cl","2","£ 80","IB","In stock"
"2019","Jonata, Todos, Ballard Canyon","Jonata","USA","California","75cl","12","£ 60","IB","In stock"
"2018","Jonata, Todos, Santa Ynez Valley","Jonata","USA","California","6x75cl","7","£ 330","IB","In stock"
"1978","Joseph Phelps, Backus Vineyard Cabernet Sauvignon, Oakville","Joseph Phelps","USA","California","3x150cl","1","£ 1,950","IB","In stock"
"1981","Joseph Phelps, Insignia, Napa Valley","Joseph Phelps","USA","California","75cl","1","POA","DP","In stock"
"2005","Joseph Roty, Charmes-Chambertin Grand Cru, Tres Vieilles Vignes","Joseph Roty","France","Burgundy","75cl","1","£ 635","IB","In stock"
"2019","Jules Desjourneys, Pouilly-Fuisse","Jules Desjourneys","France","Burgundy","6x75cl","1","£ 315","IB","On Order"
"2020","Jules Desjourneys, Pouilly-Fuisse, Vignes De La Cote","Jules Desjourneys","France","Burgundy","6x75cl","1","£ 420","IB","On Order"
"2015","Kanonkop, Paul Sauer, Stellenbosch","Kanonkop","South Africa","Western Cape","150cl","1","£ 500","IB","In stock"
"2015","Kanonkop, Paul Sauer, Stellenbosch","Kanonkop","South Africa","Western Cape","6x75cl","1","POA","DP","In stock"
"2016","Kistler, Silver Belt Vineyard Cuvee Natalie, Sonoma Coast","Kistler","USA","California","75cl","1","£ 100","IB","In stock"
"2002","Krug, Clos d'Ambonnay","Krug","France","Champagne","75cl","1","£ 2,500","IB","In stock"
"2004","Krug, Clos du Mesnil","Krug","France","Champagne","150cl","1","£ 3,500","IB","In stock"
"1998","Krug, Clos du Mesnil","Krug","France","Champagne","75cl","1","£ 1,200","DP","In stock"
"2000","Krug, Grande Cuvee","Krug","France","Champagne","6x75cl","1","£ 2,150","IB","In stock"
"2002","Krug, Grande Cuvee","Krug","France","Champagne","6x75cl","2","£ 2,200","IB","In stock"
"NV","Krug, Grande Cuvee","Krug","France","Champagne","75cl","1","POA","DP","In stock"
"NV","Krug, Grande Cuvee 164eme Edition","Krug","France","Champagne","150cl","1","POA","IB","In stock"
"NV","Krug, Rose 19eme Edition","Krug","France","Champagne","150cl","1","£ 600","IB","In stock"
"2002","Krug, Vintage Brut","Krug","France","Champagne","75cl","6","£ 367","IB","In stock"
"2006","Krug, Vintage Brut","Krug","France","Champagne","6x75cl","2","£ 1,450","IB","In stock"
"2021","La Clarte de Haut-Brion, Pessac-Leognan","Chateau Haut-Brion","France","Bordeaux","6x75cl","1","£ 522","IB","On Order"
"NV","La Pousse d'Or, Fine de Bourgogne, 30YO","La Pousse d'Or","France","Burgundy","70cl","1","£ 95","IB","In stock"
"NV","La Pousse d'Or, Marc de Bourgogne, 30YO","La Pousse d'Or","France","Burgundy","70cl","1","£ 95","IB","In stock"
"2022","La Rose de Manincor","Manincor","Italy","Trentino-Alto Adige","6x75cl","3","£ 99","IB","In stock"
"NV","Laherte Freres Petit Meslier","Laherte Freres Petit Meslier","France","Champagne","6x75cl","1","£ 438","IB","In stock"
"2017","Laherte Freres, Les Vignes d'Autrefois","Laherte Freres","France","Champagne","6x75cl","2","£ 295","IB","In stock"
"2002","Lanson, Noble Cuvee Blanc De Blancs","Lanson","France","Champagne","75cl","6","£ 120","IB","In stock"
"2021","Le Clarence de Haut-Brion, Pessac-Leognan","Chateau Haut-Brion","France","Bordeaux","6x75cl","2","£ 654","IB","On Order"
"2020","Le Dragon de Quintus, Saint-Emilion Grand Cru","Chateau Quintus","France","Bordeaux","6x75cl","2","£ 140","IB","In stock"
"2020","Lismore, Syrah, Cape South Coast","Lismore","South Africa","Cape South Coast","6x75cl","1","£ 132","IB","In stock"
"2020","Littorai, Chardonnay, Sonoma Coast","Littorai","USA","California","75cl","6","£ 60","IB","In stock"
"2020","Littorai, Les Larmes Pinot Noir, Anderson Valley","Littorai","USA","California","75cl","6","£ 60","IB","In stock"
"2008","Louis Roederer, Cristal","Louis Roederer","France","Champagne","6x75cl","1","£ 1,450","IB","In stock"
"2002","Louis Roederer, Cristal","Louis Roederer","France","Champagne","6x75cl","1","£ 2,275","IB","In stock"
"2018","Louis Roederer, Le Mesnil-sur-Oger Hommage Camille","Louis Roederer","France","Champagne","3x75cl","1","£ 1,050","IB","In stock"
"2010","Luciano Sandrone, Barolo, Vigne","Luciano Sandrone","Italy","Piedmont","3x75cl","1","£ 590","IB","In stock"
"2020","Lukas Loggerenberg, Breton Cabernet Franc, Stellenbosch","Lukas Loggerenberg","South Africa","Western Cape","6x75cl","1","£ 111","DP","In stock"
"2020","Lukas Loggerenberg, Breton Cabernet Franc, Stellenbosch","Lukas Loggerenberg","South Africa","Western Cape","6x75cl","1","£ 111","IB","In stock"
"2020","Lukas Loggerenberg, Trust Your Gut, Western Cape","Lukas Loggerenberg","South Africa","Western Cape","6x75cl","2","£ 114","IB","In stock"
"2011","M. Chapoutier, Hermitage, De l'Oree","M. Chapoutier","France","Rhone","6x75cl","1","£ 895","IB","In stock"
"2006","M. Chapoutier, Hermitage, l'Ermite Blanc","M. Chapoutier","France","Rhone","75cl","3","£ 330","IB","In stock"
"2011","M. Chapoutier, Hermitage, Le Meal Rouge","M. Chapoutier","France","Rhone","6x75cl","1","£ 835","IB","In stock"
"NV","Macallan, Highland Single Malt Fine Oak 21YO, Speyside","Macallan","Scotland","Speyside","70cl","1","£ 1,200","IB","In stock"
"2020","Markus Molitor, Erdener Pralat Riesling Auslese 3* White Capsule, Mosel","Markus Molitor","Germany","Mosel","6x75cl","1","£ 2,400","IB","In stock"
"2013","Markus Molitor, Graacher Himmelreich Riesling Auslese 3* Goldkapsel, Mosel","Markus Molitor","Germany","Mosel","6x75cl","1","£ 525","IB","In stock"
"2020","Miraval, Rose, Cotes de Provence","Miraval","France","Provence","6x75cl","6","£ 65","IB","In stock"
"1988","Moet & Chandon, Grand Vintage","Moet & Chandon","France","Champagne","75cl","3","£ 200","IB","In stock"
"1988","Moet & Chandon, Grand Vintage Rose","Moet & Chandon","France","Champagne","150cl","3","£ 665","IB","In stock"
"1990","Moet & Chandon, Grand Vintage Rose Collection","Moet & Chandon","France","Champagne","150cl","1","£ 495","IB","In stock"
"NV","Moet & Chandon, MCIII","Moet & Chandon","France","Champagne","150cl","3","£ 695","IB","In stock"
"2018","Nervi Conterno, Gattinara, Vigna Valferana","Nervi Conterno","Italy","Piedmont","6x75cl","1","£ 480","IB","In stock"
"2016","Nutbourne, Nutty Vintage","Nutbourne","United Kingdom","England","75cl","1","£ 15","DP","In stock"
"2013","Opus One, Napa Valley","Opus One","USA","California","3x150cl","1","£ 2,400","IB","In stock"
"1993","Pajzos, Essencia, Tokaj","Pajzos","Hungary","Tokaj-Hegyalja","6x50cl","3","£ 1,600","IB","In stock"
"2004","Penfolds, Bin 60A Cabernet Shiraz, South Australia","Penfolds","Australia","South Australia","6x75cl","1","£ 1,950","IB","In stock"
"1998","Penfolds, Bin 707 Cabernet Sauvignon, South Australia","Penfolds","Australia","South Australia","6x75cl","1","£ 1,300","IB","In stock"
"1999","Penfolds, Bin 707 Cabernet Sauvignon, South Australia","Penfolds","Australia","South Australia","6x75cl","2","£ 1,500","IB","In stock"
"2004","Penfolds, Bin 707 Cabernet Sauvignon, South Australia","Penfolds","Australia","South Australia","6x75cl","1","£ 1,400","IB","In stock"
"2005","Penfolds, Bin 707 Cabernet Sauvignon, South Australia","Penfolds","Australia","South Australia","6x75cl","1","£ 1,950","IB","In stock"
"1998","Penfolds, Bin 798 RWT Shiraz, Barossa Valley","Penfolds","Australia","South Australia","6x75cl","1","£ 600","IB","In stock"
"2004","Penfolds, Block 42 Kalimna Cabernet Sauvignon, Barossa Valley","Penfolds","Australia","South Australia","6x75cl","1","£ 3,750","DP","In stock"
"2004","Penfolds, Block 42 Kalimna Cabernet Sauvignon, Barossa Valley","Penfolds","Australia","South Australia","6x75cl","1","£ 3,750","IB","In stock"
"2002","Penfolds, Grange, South Australia","Penfolds","Australia","South Australia","6x75cl","1","£ 1,900","IB","In stock"
"2016","Pierre-Yves Colin-Morey, Meursault Premier Cru, Perrieres","Pierre-Yves Colin Morey","France","Burgundy","3x75cl","1","£ 1,780","IB","In stock"
"2007","Pieve Santa Restituta (Gaja), Brunello di Montalcino, Sugarille","Pieve Santa Restituta (Gaja)","Italy","Tuscany","500cl","1","£ 750","IB","In stock"
"1979","Piper Heidsieck, Rare","Piper Heidsieck","France","Champagne","75cl","2","£ 475","IB","In stock"
"1988","Pol Roger, Brut Vintage","Pol Roger","France","Champagne","75cl","1","POA","DP","In stock"
"1959","Pol Roger, Brut Vintage","Pol Roger","France","Champagne","150cl","1","£ 1,995","IB","In stock"
"1949","Pol Roger, Extra Dry","Pol Roger","France","Champagne","75cl","1","£ 900","DP","In stock"
"2018","Rampolla, Alceo, IGT","Rampolla","Italy","Tuscany","6x75cl","1","£ 516","IB","On Order"
"2013","Ridge, California Cabernet Sauvignon Monte Bello, Santa Cruz Mountains","Ridge","USA","California","75cl","6","£ 250","IB","In stock"
"2013","Ripe al Convento di Castelgiocondo Riserva, Brunello di Montalcino","Castelgiocondo (Frescobaldi)","Italy","Tuscany","6x75cl","4","£ 360","IB","In stock"
"2004","Roagna, Barbaresco, Paje Crichet","Roagna","Italy","Piedmont","300cl","2","£ 5,950","IB","In stock"
"2011","Rochette, Pinot Noir Rissieux, Neuchatel","Rochette","Switzerland","Neuchatel","75cl","2","£ 500","IB","In stock"
"1997","Salon, Le Mesnil-sur-Oger Grand Cru","Salon","France","Champagne","6x75cl","1","£ 5,500","IB","In stock"
"1999","Salon, Le Mesnil-sur-Oger Grand Cru","Salon","France","Champagne","3x75cl","1","£ 3,900","IB","In stock"
"2012","Salon, Le Mesnil-sur-Oger Grand Cru","Salon","France","Champagne","75cl","1","£ 850","IB","In stock"
"2006","Sassicaia, Tenuta San Guido, Bolgheri","Tenuta San Guido","Italy","Tuscany","600cl","1","£ 3,300","IB","In stock"
"2009","Sassicaia, Tenuta San Guido, Bolgheri","Tenuta San Guido","Italy","Tuscany","600cl","1","£ 3,700","IB","In stock"
"2019","Schloss Gobelsburg, Ried Gaisberg Riesling Erste Lage, Kamptal DAC","Domaene Gobelsburg","Austria","Niederosterreich","6x75cl","1","£ 150","IB","In stock"
"2020","Sena, Rocas de Sena, Aconcagua Valley","Sena","Chile","Aconcagua Valley","6x75cl","1","£ 190","IB","In stock"
"1990","Taittinger Comtes de Champagne Blanc de Blancs Champagne","Taittinger","France","Champagne","75cl","2","£ 420","IB","In stock"
"2011","Taittinger Comtes de Champagne Blanc de Blancs Champagne","Taittinger","France","Champagne","150cl","2","£ 210","IB","In stock"
"2013","Taittinger Comtes de Champagne Blanc de Blancs Champagne","Taittinger","France","Champagne","6x75cl","2","£ 715","IB","On Order"
"2006","Taittinger, Comtes de Champagne Rose","Taittinger","France","Champagne","6x75cl","2","£ 875","IB","In stock"
"2005","Taittinger, Comtes de Champagne Rose","Taittinger","France","Champagne","3x150cl","2","£ 1,500","IB","In stock"
"2005","Taittinger, Comtes de Champagne Rose","Taittinger","France","Champagne","6x75cl","3","£ 1,375","IB","In stock"
"NV","Taittinger, Prelude Grand Cru","Taittinger","France","Champagne","150cl","1","£ 80","DP","In stock"
"NV","Taittinger, Prelude Grand Cru","Taittinger","France","Champagne","150cl","2","£ 80","IB","In stock"
"2008","Tardieu-Laurent, Cote Rotie","Tardieu-Laurent","France","Rhone","12x75cl","1","£ 410","IB","In stock"
"2008","Tardieu-Laurent, Hermitage, Rouge","Tardieu-Laurent","France","Rhone","12x75cl","2","£ 570","IB","In stock"
"1998","Taylor's, Vargellas Vintage Port","Taylor's","Portugal","Port","75cl","5","£ 40","DP","In stock"
"2018","Taylor's, Vintage Port","Taylor's","Portugal","Port","12x37.5cl","1","£ 280","IB","In stock"
"NV","Tears of Llorona, Extra Anejo, No.3","Tears Of Llorona","Mexico","Jalisco","100cl","3","£ 245","IB","In stock"
"NV","Tesseron, Lot 29 Exception XO, Grande Champagne Cognac","Tesseron","France","Cognac","70cl","1","£ 350","IB","In stock"
"2008","The Foundry, Syrah, Stellenbosch","The Foundry","South Africa","Western Cape","6x75cl","2","£ 102","IB","In stock"
"2019","The Hilt, Bentrock Vineyard Chardonnay, Sta. Rita Hills","The Hilt","USA","California","75cl","4","£ 80","IB","In stock"
"2019","The Hilt, Bentrock Vineyard Pinot Noir, Sta. Rita Hills","The Hilt","USA","California","75cl","6","£ 80","IB","In stock"
"2019","The Hilt, Radian Vineyard Chardonnay, Santa Barbara County","The Hilt","USA","California","75cl","4","£ 80","IB","In stock"
"2019","The Hilt, Sta. Rita Hills Radian Vineyard Pinot Noir","The Hilt","USA","California","75cl","6","£ 80","IB","In stock"
"2019","TOR Kenward Family, Black Magic, Napa Valley","TOR Kenward Family","USA","California","75cl","1","£ 433","IB","In stock"
"2019","TOR Kenward Family, Cuvee Susan Reserve Chardonnay, Los Carneros","TOR Kenward Family","USA","California","6x75cl","2","£ 420","IB","In stock"
"2020","TOR Kenward Family, Cuvee Susan Reserve Chardonnay, Los Carneros","TOR Kenward Family","USA","California","3x75cl","8","£ 278","IB","In stock"
"2017","TOR Kenward Family, Melanson Vineyard Cabernet Sauvignon, Napa Valley","TOR Kenward Family","USA","California","75cl","12","£ 140","IB","In stock"
"2020","TOR Kenward Family, Torchiana Chardonnay, Napa Valley","TOR Kenward Family","USA","California","3x75cl","8","£ 270","IB","In stock"
"2017","TOR, Palisades Vineyard Old Vine Petite Syrah","TOR wines","USA","California","6x75cl","2","£ 480","IB","In stock"
"2004","Veuve Clicquot, Vintage Brut","Veuve Clicquot","France","Champagne","3x150cl","2","£ 450","IB","In stock"
"2008","Veuve Clicquot, Vintage Brut","Veuve Clicquot","France","Champagne","3x150cl","2","£ 525","IB","In stock"
"2014","Vietti, Barolo, Ravera","Vietti","Italy","Piedmont","150cl","1","£ 235","IB","In stock"
"2013","Vietti, Barolo, Villero Riserva","Vietti","Italy","Piedmont","75cl","3","£ 275","IB","In stock"
"2010","Vietti, Barolo, Villero Riserva","Vietti","Italy","Piedmont","150cl","6","£ 875","IB","In stock"
"2012","Vietti, Barolo, Villero Riserva","Vietti","Italy","Piedmont","150cl","3","£ 650","IB","In stock"
"2009","Vietti, Barolo, Villero Riserva","Vietti","Italy","Piedmont","75cl","1","£ 330","IB","In stock"
"NV","WhistlePig, Straight Rye 10YO","WhistlePig","USA","Vermont","70cl","1","£ 55","IB","In stock"
"2020","Williams Selyem, Olivet Lane Chardonnay, Russian River Valley","Williams Selyem","USA","California","6x75cl","2","£ 405","IB","In stock"
"2019","Williams Selyem, Pinot Noir Westside Road Neighbors, Russian River Valley","Williams Selyem","USA","California","75cl","7","£ 75","IB","In stock"
"2018","Williams Selyem, Pinot Noir, Sonoma Coast","Williams Selyem","USA","California","75cl","3","£ 60","IB","In stock"
"2019","Williams Selyem, Pinot Noir, Sonoma Coast","Williams Selyem","USA","California","12x75cl","1","£ 720","IB","In stock"
"2019","Williams Selyem, Vista Verde Late Harvest Gewurztraminer, San Benito County","Williams Selyem","USA","California","6x37.5cl","1","£ 240","IB","In stock"
"2022","Yamazaki, Single Malt Tsukuriwake Selection Cask Series Case","Yamazaki (Suntory)","Japan","Osaka","4x70cl","2","£ 6,320","DP","In stock"
"2004","Yarra Yering, Dry Red N°1, Victoria","Yarra Yering","Australia","Victoria","12x75cl","2","£ 1,250","IB","In stock"
